,country,total_expat,male_expat,female_expat,total_expat_age0,total_expat_age1,total_expat_age2,total_expat_age3,total_expat_age4,total_expat_age5,total_expat_age6,total_expat_age7,total_expat_age8,total_expat_age9,total_expat_age10,male_expat_age0,male_expat_age1,male_expat_age2,male_expat_age3,male_expat_age4,male_expat_age5,male_expat_age6,male_expat_age7,male_expat_age8,male_expat_age9,male_expat_age10,female_expat_age0,female_expat_age1,female_expat_age2,female_expat_age3,female_expat_age4,female_expat_age5,female_expat_age6,female_expat_age7,female_expat_age8,female_expat_age9,female_expat_age10
0,Andorra,19000,9100,10000,1000,1100,1900,2200,2500,2600,2500,2200,1800,1100,1300,1000,1000,1000,1100,1200,1200,1200,1000,1000,1000,1000,1000,1000,1000,1100,1300,1400,1300,1100,1000,1000,1000
1,United Arab Emirates,6400000,4700000,1600000,110000,860000,1700000,1500000, 970000, 610000, 340000,200000,99000,51000,88000,77000,670000,1300000,1100000,700000,440000,250000,150000,71000,35000,53000,39000,200000,430000,390000,260000,170000,85000,47000,26000,15000,33000
2,Afghanistan,210000,160000,46000,21000,60000,63000,39000, 11000, 7100, 3700,2400,1300,1000,6000,15000,46000,49000,31000,9800,6400,3300,2100,1100,1000,4200,5700,15000,14000,7400,1200,1000,1000,1000,1000,1000,1800
3,Antigua,20000,9000,11000,1000,2200,3100,2900, 2500, 2400, 2000,1700,1200,1000,1000,1000,1000,1500,1300,1100,1000,1000,1000,1000,1000,1000,1000,1100,1600,1600,1400,1300,1200,1000,1000,1000,1000
4,Anguilla,4300,2100,2200,1000,1000,1000,1000, 1000, 1000, 1000,1000,1000,1000,1000,1000,1000,1000,1000,1000,1000,1000,1000,1000,1000,1000,1000,1000,1000,1000,1000,1000,1000,1000,1000,1000,1000
5,Albania,60000,43000,17000,2600,12000,16000,11000, 5700, 3900, 2400,1700,1200,1000,1800,1800,8600,11000,8400,4300,2900,1800,1200,1000,1000,1300,1000,3800,4400,2700,1400,1000,1000,1000,1000,1000,1000
6,Armenia,70000,35000,34000,4100,11000,13000,12000, 9000, 6600, 4700,4000,3800,3300,4600,2500,5400,6800,5900,4300,3300,2200,1800,1500,1200,1800,2800,5500,6200,5900,4600,3300,2400,2200,2300,2100,2700
7,Angola,280000,170000,100000,19000,55000,47000,49000, 30000, 24000, 15000,10000,5800,4500,23000,10000,29000,27000,30000,21000,17000,11000,7700,4200,3000,14000,8800,25000,20000,18000,9800,7000,3700,2600,1600,1500,8600
8,Argentina,1700000,850000,830000,80000,250000,310000,280000, 200000, 160000, 120000,99000,74000,54000,100000,37000,130000,170000,150000,100000,81000,60000,46000,34000,23000,45000,40000,120000,140000,130000,96000,80000,62000,52000,40000,30000,53000
9,American Samoa,8900,4300,4500,1000,1000,1100,1200, 1100, 1100, 1000,1000,1000,1000,1000,1000,1000,1000,1000,1000,1000,1000,1000,1000,1000,1000,1000,1000,1000,1000,1000,1000,1000,1000,1000,1000,1000
10,Austria,700000,370000,320000,11000,74000,110000,110000, 94000, 82000, 68000,58000,40000,24000,30000,6500,42000,59000,59000,49000,43000,33000,29000,21000,12000,15000,4800,32000,48000,51000,45000,39000,34000,28000,19000,12000,14000
11,Australia,3100000,1500000,1500000,45000,290000,480000,520000, 430000, 310000, 230000,200000,170000,140000,290000,22000,150000,240000,240000,210000,150000,110000,95000,77000,63000,130000,21000,140000,240000,270000,210000,150000,120000,100000,92000,79000,150000
12,Aruba,32000,15000,17000,1000,2100,3700,4000, 3500, 3700, 3500,3600,3000,2000,2400,1000,1000,1700,1900,1700,1700,1600,1600,1400,1000,1000,1000,1100,2000,2100,1900,2000,1900,2000,1700,1200,1400
13,Azerbaijan,150000,100000,48000,6700,20000,34000,29000, 20000, 15000, 9100,7400,5900,3800,4500,4700,14000,24000,20000,14000,10000,6300,5000,3900,2300,2800,1900,6100,10000,9100,6600,4500,2900,2400,2000,1500,1700
14,Bosnia and Herzegovina,110000,64000,47000,3900,19000,23000,16000, 12000, 10000, 8100,6100,4600,3600,5700,2400,11000,14000,9400,6500,5600,4400,3300,2300,1800,3200,1500,7400,9300,6400,5200,4900,3700,2800,2300,1800,2500
15,Barbados,23000,10000,12000,1000,1900,2800,2700, 2700, 2700, 2400,2000,1700,1300,2000,1000,1000,1400,1200,1200,1300,1100,1000,1000,1000,1000,1000,1000,1400,1500,1400,1500,1300,1100,1000,1000,1200
16,Bangladesh,950000,700000,250000,160000,310000,230000,160000, 59000, 36000, 19000,14000,9300,5900,16000,100000,220000,170000,120000,49000,30000,16000,12000,8200,5100,11000,55000,91000,61000,36000,10000,6000,3300,2200,1100,1000,4700
17,Belgium,850000,460000,390000,17000,92000,130000,130000, 120000, 110000, 81000,65000,45000,32000,52000,9600,51000,69000,70000,63000,57000,45000,35000,24000,16000,1200,7100,41000,58000,62000,53000,47000,36000,30000,22000,16000,24000
18,Burkina Faso,150000,110000,47000,14000,43000,36000,29000, 13000, 8300, 4200,2800,1600,1200,5500,9400,28000,25000,20000,9100,6300,3300,2200,1200,1000,2200,4400,14000,11000,8800,3800,2000,1000,1000,1000,1000,1700
19,Bulgaria,110000,58000,48000,2900,14000,15000,15000, 12000, 12000, 9000,7200,5300,4200,6800,1600,7800,9000,8800,6900,6500,4800,3700,2700,1800,1000,1300,6100,6300,6400,5400,5000,4100,3400,2700,2400,3400
20,Bahrain,670000,500000,170000,14000,86000,170000,150000, 95000, 69000, 42000,26000,14000,7200,8800,8400,64000,130000,110000,70000,50000,31000,19000,10000,5100,1400,5700,22000,42000,36000,25000,19000,11000,6900,3700,2000,3400
21,Burundi,50000,33000,17000,6200,16000,10000,8400, 3500, 2400, 1400,1000,1000,1000,2600,3500,10000,7000,5600,2500,1700,1000,1000,1000,1000,1800,2600,5400,3300,2700,1000,1000,1000,1000,1000,1000,1100
22,Benin,220000,150000,77000,38000,69000,49000,35000, 16000, 11000, 6500,4700,3200,2600,7000,22000,44000,32000,23000,11000,8100,4500,3300,2300,1600,1000,15000,24000,17000,12000,5100,3400,2000,1300,1000,1000,2600
23,Saint Barthélemy,2500,1400,1100,1000,1000,1000,1000, 1000, 1000, 1000,1000,1000,1000,1000,1000,1000,1000,1000,1000,1000,1000,1000,1000,1000,2200,1000,1000,1000,1000,1000,1000,1000,1000,1000,1000,1000
24,Bermuda,11000,5400,5200,1000,1000,1000,1400, 1600, 1600, 1300,1100,1000,1000,1000,1000,1000,1000,1000,1000,1000,1000,1000,1000,1000,65000,1000,1000,1000,1000,1000,1000,1000,1000,1000,1000,1000
25,Brunei,120000,79000,44000,2900,16000,25000,23000, 17000, 15000, 10000,7200,4100,2100,3400,1600,10000,17000,15000,11000,8800,6200,4200,2300,1100,17000,1300,5100,7800,7900,6000,5700,4200,3000,1800,1000,1300
26,Bolivia,390000,220000,170000,86000,120000,81000,52000, 28000, 21000, 13000,9900,6300,4400,9000,42000,67000,47000,30000,16000,12000,7700,5800,3600,2500,5000,44000,54000,33000,22000,12000,8700,5500,3900,2600,1800,3600
27,"Bonaire, Sint Eustatius and Saba",8600,4300,4200,1000,1000,1100,1100, 1000, 1000, 1000,1000,1000,1000,1000,1000,1000,1000,1000,1000,1000,1000,1000,1000,1000,2200,1000,1000,1000,1000,1000,1000,1000,1000,1000,1000,1000
28,Brazil,1500000,870000,650000,140000,330000,300000,240000, 160000, 130000, 86000,66000,48000,36000,77000,77000,200000,190000,140000,91000,67000,46000,34000,24000,17000,1400,63000,130000,120000,94000,67000,56000,39000,32000,24000,18000,36000
29,The Bahamas,36000,20000,16000,1000,3800,6600,6000, 4800, 4200, 3300,2600,1600,1100,1700,1000,2000,3700,3400,2700,2400,1800,1400,1000,1000,1900,1000,1800,2900,2600,2000,1800,1500,1200,1000,1000,1000
30,Bhutan,26000,18000,7500,3300,5800,6900,4500, 2200, 1500, 1000,1000,1000,1000,1000,1600,3900,5000,3200,1600,1200,1000,1000,1000,1000,55000,1700,1900,2000,1300,1000,1000,1000,1000,1000,1000,1000
31,Botswana,120000,65000,54000,7300,19000,22000,22000, 16000, 12000, 7100,4700,2200,1500,10000,3700,9600,12000,12000,8600,6800,4300,2800,1300,1000,3400,3600,9400,11000,10000,6900,5000,2800,1900,1000,1000,4800
32,Belarus,180000,82000,97000,14000,35000,33000,25000, 20000, 16000, 12000,9600,7800,5700,7100,6000,17000,17000,12000,9200,7000,5000,3900,2900,2000,30000,8000,18000,15000,13000,11000,8700,7000,5700,4900,3700,4400
33,Belize,27000,14000,13000,2000,4600,5000,4200, 3000, 2400, 1800,1500,1100,1000,1500,1100,2500,2700,2100,1500,1200,1000,1000,1000,1000,9000,1000,2100,2400,2000,1500,1200,1000,1000,1000,1000,1000
34,Canada,4000000,2000000,2000000,55000,370000,550000,560000, 510000, 460000, 350000,310000,250000,210000,420000,28000,200000,290000,280000,240000,220000,170000,150000,120000,92000,13000,27000,170000,260000,290000,260000,220000,180000,150000,130000,110000,220000
35,Democratic Republic of the Congo,200000,150000,56000,30000,60000,38000,32000, 15000, 11000, 6200,4400,2800,3300,16000,21000,43000,28000,24000,12000,8400,5000,3500,2100,2300,1000,9200,17000,10000,8300,3300,2400,1200,1000,1000,1000,5200
36,Central African Republic,19000,15000,4000,1300,3500,3700,4100, 2500, 1900, 1000,1000,1000,1000,1000,1000,2600,2800,3300,2000,1600,1000,1000,1000,1000,23000,1000,1000,1000,1000,1000,1000,1000,1000,1000,1000,1000
37,Republic of the Congo,98000,66000,32000,7300,19000,21000,21000, 11000, 7700, 3900,2600,1300,1300,5800,3500,11000,15000,15000,8300,5900,3100,2100,1000,1000,8300,3800,7900,6800,6300,2800,1800,1000,1000,1000,1000,2100
38,Switzerland,1000000,510000,480000,9600,82000,140000,160000, 140000, 130000, 100000,88000,66000,39000,52000,5500,45000,72000,80000,73000,64000,51000,45000,34000,20000,5100,4100,37000,64000,74000,68000,60000,50000,43000,31000,19000,25000
39,Côte d'Ivoire,610000,430000,180000,58000,150000,140000,120000, 61000, 44000, 23000,17000,9200,6700,18000,39000,100000,100000,86000,43000,32000,19000,14000,7500,5200,17000,19000,45000,43000,39000,18000,11000,4600,3000,1800,1400,6600
40,Cook Islands,3700,1800,1900,1000,1000,1000,1000, 1000, 1000, 1000,1000,1000,1000,1000,1000,1000,1000,1000,1000,1000,1000,1000,1000,1000,1000,1000,1000,1000,1000,1000,1000,1000,1000,1000,1000,1000
41,Chile,1400000,740000,640000,54000,200000,310000,270000, 180000, 130000, 89000,65000,43000,27000,43000,25000,110000,180000,150000,98000,70000,44000,31000,20000,12000,1100,28000,94000,140000,120000,80000,61000,44000,33000,23000,15000,21000
42,Cameroon,250000,180000,75000,26000,68000,56000,49000, 22000, 15000, 8200,5400,3100,2400,10000,18000,48000,38000,33000,16000,11000,6300,4200,2300,1700,42000,8800,21000,17000,15000,6200,3700,1900,1200,1000,1000,3400
43,China,600000,320000,270000,23000,120000,170000,140000, 72000, 36000, 19000,12000,6000,2900,5300,12000,61000,86000,74000,44000,24000,13000,8300,4400,2100,16000,10000,63000,88000,62000,28000,12000,5900,3200,1500,1000,1800
44,Colombia,2200000,1200000,1100000,220000,490000,510000,390000, 230000, 160000, 110000,78000,49000,31000,76000,110000,260000,270000,210000,120000,87000,54000,37000,23000,14000,8200,110000,240000,230000,180000,110000,78000,53000,39000,26000,17000,37000
45,Costa Rica,370000,190000,170000,21000,54000,68000,61000, 48000, 38000, 28000,21000,14000,9200,17000,10000,28000,37000,33000,25000,20000,14000,10000,6800,4300,9100,11000,25000,31000,27000,23000,19000,14000,10000,7000,4800,8000
46,Cape Verde,33000,19000,14000,3500,5400,6300,6200, 4400, 3100, 2100,1400,1000,1000,1200,1800,2900,3500,3500,2700,1900,1300,1000,1000,1000,4800,1700,2500,2800,2600,1700,1100,1000,1000,1000,1000,1000
47,Curaçao,31000,13000,17000,1000,2400,3800,3800, 3500, 3500, 3200,3000,2600,1900,2700,1000,1100,1700,1800,1600,1500,1400,1300,1000,1000,22000,1000,1300,2100,2000,1800,2000,1800,1700,1500,1200,1600
48,Cyprus,210000,110000,98000,4100,28000,36000,34000, 29000, 25000, 19000,14000,8900,5900,10000,2400,18000,23000,19000,14000,12000,8300,6100,4000,2700,1000,1800,10000,14000,15000,14000,13000,10000,7700,4900,3200,5100
49,Czech Republic,310000,170000,140000,5900,37000,54000,52000, 44000, 37000, 28000,20000,13000,8100,13000,3100,19000,30000,29000,24000,19000,15000,11000,7000,4100,4000,2800,18000,24000,23000,20000,17000,13000,8900,6400,4000,6300
50,Germany,3700000,2100000,1600000,50000,380000,610000,610000, 490000,440000, 370000,300000,210000,130000,180000,29000,230000,360000,350000,270000,250000,200000,170000,110000,70000,18000,20000,150000,260000,260000,220000,200000,170000,130000,90000,59000,79000
51,Djibouti,46000,28000,17000,4800,10000,12000,10000, 3800,2500, 1200,1000,1000,1000,1900,2500,6000,7100,6500,2700,1800,1000,1000,1000,1000,2700,2200,4400,4500,3800,1000,1000,1000,1000,1000,1000,1000
52,Denmark,310000,160000,150000,5600,31000,48000,51000, 42000, 34000, 27000,23000,17000,12000,18000,3000,16000,24000,26000,22000,17000,13000,12000,8800,6000,4700,2600,15000,23000,24000,20000,17000,13000,11000,8200,5700,8900
53,Dominica,7200,4400,2800,1000,1100,1600,1400, 1000, 1000, 1000,1000,1000,1000,1000,1000,1000,1000,1000,1000,1000,1000,1000,1000,1000,14000,1000,1000,1000,1000,1000,1000,1000,1000,1000,1000,1000
54,Dominican Republic,560000,330000,230000,48000,120000,150000,100000, 53000, 35000, 21000,15000,9800,7000,22000,28000,73000,90000,61000,32000,21000,12000,8300,5400,3800,41000,20000,51000,63000,40000,20000,13000,8200,6300,4300,3100,9300
55,Algeria,1600000,1100000,460000,200000,410000,400000,300000, 130000, 89000, 47000,32000,18000,10000,36000,110000,260000,300000,230000,100000,69000,36000,24000,14000,7400,3400,84000,140000,110000,76000,27000,20000,11000,7500,4600,2500,9900
56,Ecuador,780000,420000,340000,81000,180000,160000,130000, 79000, 60000, 39000,29000,19000,12000,23000,41000,97000,91000,71000,44000,33000,21000,15000,9700,5900,23000,38000,78000,72000,56000,36000,27000,18000,14000,9200,6000,11000
57,Estonia,25000,13000,11000,1000,2100,3600,4200, 3400, 2500, 1900,1600,1500,1300,2100,1000,1200,2000,2500,2000,1500,1100,1000,1000,1000,1000,1000,1000,1500,1700,1300,1100,1000,1000,1000,1000,1200
58,Egypt,1400000,970000,440000,140000,310000,340000,260000, 150000, 100000, 56000,39000,23000,15000,29000,81000,200000,230000,180000,110000,74000,40000,28000,16000,9500,1000,56000,110000,110000,77000,41000,28000,16000,11000,7200,5200,9800
59,Spain,3100000,1500000,1600000,47000,270000,430000,450000, 430000, 420000, 330000,250000,170000,110000,180000,25000,140000,220000,220000,210000,210000,160000,120000,75000,49000,27000,22000,140000,200000,220000,220000,210000,170000,130000,96000,64000,94000
60,Ethiopia,430000,290000,140000,26000,80000,100000,130000, 37000, 20000, 8300,6400,4200,2400,15000,14000,50000,67000,88000,28000,16000,6600,5100,3400,2000,27000,11000,30000,34000,38000,8700,4600,1800,1300,1000,1000,6300
61,Finland,160000,83000,72000,2300,15000,24000,29000, 25000, 19000, 14000,11000,7300,4700,7300,1200,8800,14000,16000,13000,10000,7300,5600,3500,2100,2900,1100,6100,10000,12000,11000,9000,6700,5400,3800,2600,3500
62,Fiji,48000,26000,21000,4600,9000,9700,7500, 5400, 4200, 2800,2400,1700,1100,1600,2500,5000,5500,4200,3000,2300,1500,1200,1000,1000,2800,2100,4000,4200,3300,2400,1900,1300,1100,1000,1000,1000
63,Falkland Islands,1100,1000,1000,1000,1000,1000,1000, 1000, 1000, 1000,1000,1000,1000,1000,1000,1000,1000,1000,1000,1000,1000,1000,1000,1000,1700,1000,1000,1000,1000,1000,1000,1000,1000,1000,1000,1000
64,Federated States of Micronesia,5200,2800,2400,1000,1000,1000,1000, 1000, 1000, 1000,1000,1000,1000,1000,1000,1000,1000,1000,1000,1000,1000,1000,1000,1000,1000,1000,1000,1000,1000,1000,1000,1000,1000,1000,1000,1000
65,Faroe Islands,2100,1100,1000,1000,1000,1000,1000, 1000, 1000, 1000,1000,1000,1000,1000,1000,1000,1000,1000,1000,1000,1000,1000,1000,1000,7100,1000,1000,1000,1000,1000,1000,1000,1000,1000,1000,1000
66,France,3700000,2000000,1600000,58000,400000,620000,590000, 480000, 410000, 320000,250000,190000,140000,270000,35000,220000,340000,330000,260000,230000,180000,140000,95000,70000,5700,22000,180000,270000,260000,220000,180000,140000,110000,89000,69000,130000
67,Gabon,170000,120000,50000,8000,23000,35000,39000, 23000, 18000, 10000,6600,3400,2500,6200,4000,14000,24000,27000,17000,14000,8100,5200,2700,1900,1000,3900,8700,11000,11000,5900,4000,2100,1400,1000,1000,2100
68,United Kingdom,4100000,2100000,2000000,54000,380000,610000,720000, 640000, 540000, 380000,280000,190000,130000,240000,30000,190000,320000,370000,330000,280000,200000,150000,92000,62000,1600,25000,180000,300000,340000,310000,250000,170000,130000,89000,66000,120000
69,Grenada,9200,4700,4400,1000,1300,1700,1400, 1100, 1000, 1000,1000,1000,1000,1000,1000,1000,1000,1000,1000,1000,1000,1000,1000,1000,1000,1000,1000,1000,1000,1000,1000,1000,1000,1000,1000,1000
70,Georgia,120000,65000,54000,6200,20000,23000,20000, 14000, 11000, 7900,6100,4900,3500,5400,3300,11000,13000,11000,7800,6200,4300,3200,2300,1400,4900,2900,9200,9900,8500,6300,4700,3600,2800,2600,2100,2900
71,French Guiana,31000,15000,16000,1300,3900,5300,5100, 4200, 3500, 2700,2100,1500,1000,1300,1000,1800,2400,2400,2000,1600,1300,1100,1000,1000,1000,1000,2100,2800,2700,2200,1800,1400,1000,1000,1000,1000
72,Guernsey,8500,3900,4400,1000,1000,1000,1100, 1000, 1000, 1000,1000,1000,1000,1100,1000,1000,1000,1000,1000,1000,1000,1000,1000,1000,1300,1000,1000,1000,1000,1000,1000,1000,1000,1000,1000,1000
73,Ghana,520000,350000,160000,71000,130000,120000,94000, 40000, 24000, 13000,13000,11000,8500,25000,47000,88000,80000,63000,28000,18000,10000,10000,9000,6700,1000,25000,44000,39000,30000,13000,6500,3100,2400,1700,1800,7500
74,Gibraltar,4700,2400,2300,1000,1000,1000,1000, 1000, 1000, 1000,1000,1000,1000,1000,1000,1000,1000,1000,1000,1000,1000,1000,1000,1000,1000,1000,1000,1000,1000,1000,1000,1000,1000,1000,1000,1000
75,Greenland,2500,1600,1000,1000,1000,1000,1000, 1000, 1000, 1000,1000,1000,1000,1000,1000,1000,1000,1000,1000,1000,1000,1000,1000,1000,2800,1000,1000,1000,1000,1000,1000,1000,1000,1000,1000,1000
76,The Gambia,97000,65000,31000,7900,22000,22000,23000, 9300, 6200, 3400,2300,1200,1000,4200,4900,14000,15000,15000,6800,4800,2600,1800,1000,1000,42000,3000,7400,7600,7600,2500,1400,1000,1000,1000,1000,1800
77,Guinea,110000,75000,35000,14000,31000,25000,20000, 9100, 6000, 3300,2800,1500,1200,2500,9000,21000,16000,13000,6300,4500,2500,2100,1100,1000,1000,5200,11000,8400,6700,2900,1600,1000,1000,1000,1000,1000
78,Guadeloupe,37000,17000,20000,1000,3700,5100,4900, 4400,4100, 3700,3300,2500,1700,3000,1000,1900,2600,2200,1900,1700,1700,1500,1100,1000,1800,1000,1800,2600,2600,2500,2300,2000,1800,1300,1000,1600
79,Equatorial Guinea,41000,30000,11000,1000,4800,8600,12000, 6400,3800, 1700,1000,1000,1000,1200,1000,3300,6100,9000,4700,2900,1300,1000,1000,1000,1000,1000,1500,2500,3400,1600,1000,1000,1000,1000,1000,1000
80,Greece,550000,320000,240000,11000,64000,78000,76000, 72000,68000, 57000,45000,31000,22000,29000,7300,43000,52000,47000,41000,38000,31000,22000,13000,8300,11000,3600,21000,26000,29000,30000,30000,27000,22000,18000,13000,15000
81,Guatemala,340000,200000,140000,63000,93000,74000,50000, 26000,19000, 12000,8400,5700,3800,11000,37000,55000,44000,30000,14000,11000,6700,4800,3200,2000,1000,25000,39000,30000,21000,11000,8200,4900,3500,2500,1800,4800
82,Guam,55000,28000,26000,1500,5700,7700,7000, 5700,5300, 4700,4800,4300,3400,5200,1000,3000,4100,3800,3000,2800,2500,2500,2100,1700,48000,1000,2700,3500,3200,2700,2500,2200,2300,2100,1700,2800
83,Guinea-Bissau,35000,25000,10000,3400,8600,8100,7400, 3500,2200, 1200,1000,1000,1000,1000,2000,5700,5500,5200,2800,1800,1000,1000,1000,1000,2000,1400,2900,2600,2100,1000,1000,1000,1000,1000,1000,1000
84,Guyana,37000,19000,17000,3900,8300,8000,5400, 3400,2700, 2000,1500,1100,1000,1100,2100,4300,4200,2800,1900,1600,1100,1000,1000,1000,1000,1800,3900,3800,2600,1600,1200,1000,1000,1000,1000,1000
85,Hong Kong,940000,270000,650000,15000,82000,150000,180000, 150000,130000, 80000,54000,32000,22000,42000,5600,26000,41000,50000,40000,36000,25000,19000,13000,9100,16000,9700,57000,110000,130000,110000,92000,53000,34000,19000,12000,24000
86,Honduras,160000,87000,73000,24000,42000,35000,26000, 13000,9700, 5900,4300,2900,2000,5900,13000,22000,19000,14000,7000,5200,3200,2400,1500,1000,6000,10000,19000,16000,12000,5900,4400,2600,1900,1300,1000,2600
87,Croatia,140000,73000,62000,1600,13000,19000,17000, 15000,15000, 14000,12000,9500,7000,11000,1000,7700,12000,9700,8300,8000,7100,6100,4600,3400,15000,1000,5500,7800,7300,6900,7000,6700,5600,4800,3600,5200
88,Haiti,87000,53000,33000,12000,20000,18000,17000, 7300,5000, 2800,2000,1200,1000,3500,7600,12000,11000,9800,4600,3300,2000,1300,1000,1000,6100,4100,7800,7300,7000,2700,1700,1000,1000,1000,1000,1300
89,Hungary,190000,100000,91000,3200,24000,29000,27000, 22000,22000, 19000,16000,9400,7800,14000,1800,13000,17000,15000,12000,11000,9300,7800,4500,3400,1000000,1500,11000,12000,12000,10000,10000,9300,8000,4900,4300,7600
90,Indonesia,3100000,1900000,1300000,680000,960000,800000,570000, 210000,130000,63000,39000,19000,10000,110000,330000,510000,490000,380000,140000,83000,41000,26000,12000,6900,4200,350000,430000,310000,200000,71000,44000,22000,13000,6100,3200,33000
91,Ireland,400000,200000,200000,5200,33000,59000,67000, 68000,56000,38000,27000,17000,12000,21000,2700,17000,30000,33000,33000,28000,20000,14000,8300,5200,1200,2500,15000,28000,34000,34000,27000,18000,13000,8700,6300,11000
92,Israel,840000,440000,390000,30000,88000,140000,120000, 98000,86000, 70000,55000,44000,38000,91000,17000,51000,83000,70000,53000,44000,33000,25000,19000,16000,1000,13000,36000,53000,50000,43000,42000,35000,30000,25000,22000,51000
93,Isle Of Man,15000,6700,7600,1000,1000,1300,1500, 1500,1500, 1500,1500,1400,1100,2300,1000,1000,1000,1000,1000,1000,1000,1000,1000,1000,16000,1000,1000,1000,1000,1000,1000,1000,1000,1000,1000,1300
94,India,4600000,3600000,1100000,550000,1200000,1300000,790000, 360000,220000, 130000,96000,60000,37000,85000,410000,930000,980000,620000,290000,180000,110000,78000,49000,30000,1000,150000,300000,300000,180000,74000,46000,26000,18000,11000,7300,25000
95,Iraq,1100000,780000,280000,100000,270000,290000,190000, 97000,69000, 37000,26000,14000,8000,13000,70000,190000,210000,140000,77000,55000,30000,21000,11000,6000,1000,32000,81000,79000,44000,20000,14000,7600,5300,2900,1900,3500
96,Iceland,28000,15000,13000,1000,3200,5300,4900, 3900,3300, 2500,1800,1200,1000,1000,1000,1700,2900,2700,2100,1700,1200,1000,1000,1000,8500,1000,1500,2400,2200,1800,1600,1200,1000,1000,1000,1000
97,Italy,3000000,1600000,1400000,46000,290000,410000,440000, 400000,390000, 320000,270000,180000,120000,140000,28000,180000,240000,250000,220000,200000,150000,120000,75000,44000,1000,18000,110000,160000,190000,180000,190000,170000,150000,110000,72000,72000
98,Jersey,35000,16000,18000,1000,2600,3900,4100, 4100,3700, 3400,3500,3200,2300,4100,1000,1400,1900,2000,2000,1700,1600,1600,1500,1000,1000,1000,1300,1900,2100,2000,1800,1800,1800,1700,1300,2400
99,Jamaica,87000,50000,38000,6500,16000,21000,13000, 9000,7300, 5700,4500,3300,2100,3900,4000,8800,12000,7700,5100,4300,3300,2600,1900,1200,1000,2400,7000,8500,5300,3800,2900,2300,1800,1400,1000,1900
100,Jordan,990000,590000,400000,80000,200000,250000,170000, 100000,74000, 49000,36000,24000,17000,28000,40000,110000,150000,110000,67000,47000,31000,22000,13000,8600,1100,37000,91000,99000,61000,35000,27000,17000,14000,11000,8200,12000
101,Japan,1300000,650000,620000,24000,210000,270000,200000, 140000,120000, 98000,87000,59000,36000,51000,11000,100000,150000,110000,70000,54000,46000,40000,30000,19000,3900,13000,110000,120000,94000,71000,62000,50000,45000,29000,16000,20000
102,Kenya,580000,350000,230000,64000,170000,130000,99000, 37000,26000, 15000,11000,7200,4800,37000,38000,100000,78000,61000,23000,17000,9400,6800,4500,2900,1000,26000,66000,51000,38000,14000,9400,5100,3700,2700,2000,16000
103,Kyrgyzstan,76000,43000,32000,10000,15000,18000,12000, 8000,5700, 3800,2800,1900,1300,1700,5400,9000,11000,6800,4500,3300,2000,1400,1000,1000,86000,4300,5900,6600,4900,3500,2500,1800,1400,1000,1000,1000
104,Cambodia,350000,210000,140000,40000,83000,110000,60000, 27000,16000, 9100,7500,4900,3300,5300,20000,47000,65000,39000,18000,11000,6400,5300,3600,2400,5900,20000,38000,45000,22000,8600,4900,2700,2100,1300,1000,1700
105,Kiribati,2300,1300,1000,1000,1000,1000,1000, 1000,1000, 1000,1000,1000,1000,1000,1000,1000,1000,1000,1000,1000,1000,1000,1000,1000,3100,1000,1000,1000,1000,1000,1000,1000,1000,1000,1000,1000
106,Comoros,20000,14000,6100,3500,4900,3600,5200, 1400,1000, 1000,1000,1000,1000,1000,2500,3500,2500,3700,1000,1000,1000,1000,1000,1000,1000,1000,1500,1100,1500,1000,1000,1000,1000,1000,1000,1000
107,Saint Kitts and Nevis,8700,4300,4300,1000,1100,1600,1400, 1100,1000, 1000,1000,1000,1000,1000,1000,1000,1000,1000,1000,1000,1000,1000,1000,1000,1000,1000,1000,1000,1000,1000,1000,1000,1000,1000,1000,1000
108,South Korea,1000000,590000,450000,17000,140000,250000,210000, 150000,100000, 65000,43000,24000,13000,17000,9100,76000,140000,120000,84000,59000,40000,26000,14000,7600,10000,8100,66000,100000,95000,64000,41000,26000,17000,10000,5800,6000
109,Kuwait,2200000,1500000,670000,38000,210000,540000,490000, 340000,260000, 150000,90000,45000,24000,28000,21000,150000,380000,320000,230000,180000,100000,66000,33000,17000,18000,16000,64000,160000,150000,110000,81000,42000,23000,11000,6200,11000
110,Cayman Islands,29000,15000,14000,1000,1500,3900,4700, 4600,4300, 3400,2800,2000,1100,1200,1000,1000,2000,2500,2400,2200,1700,1400,1000,1000,1000,1000,1000,1900,2200,2200,2000,1700,1300,1000,1000,1000
111,Kazakhstan,220000,120000,110000,20000,37000,43000,34000, 28000,23000, 16000,12000,9100,6300,7500,8900,20000,25000,18000,15000,12000,8400,5800,3800,2300,3000,11000,17000,18000,16000,13000,11000,8000,6200,5300,4000,4500
112,Laos,220000,130000,89000,32000,53000,64000,39000, 20000,13000, 8500,6000,3700,2200,3800,17000,29000,37000,25000,14000,9100,6000,4300,2700,1600,2400,14000,24000,27000,14000,6400,3900,2500,1700,1000,1000,1400
113,Lebanon,860000,550000,310000,72000,190000,240000,150000, 84000,55000, 32000,23000,14000,8700,17000,44000,120000,150000,99000,57000,37000,21000,14000,8100,4900,8800,28000,67000,91000,55000,27000,19000,11000,8400,5400,3700,8000
114,St. Lucia,10000,5100,4700,1000,1300,1900,1500, 1200,1000, 1000,1000,1000,1000,1000,1000,1000,1000,1000,1000,1000,1000,1000,1000,1000,1000,1000,1000,1000,1000,1000,1000,1000,1000,1000,1000,1000
115,Liechtenstein,3600,1700,1900,1000,1000,1000,1000, 1000,1000, 1000,1000,1000,1000,1000,1000,1000,1000,1000,1000,1000,1000,1000,1000,1000,1000,1000,1000,1000,1000,1000,1000,1000,1000,1000,1000,1000
116,Sri Lanka,150000,110000,45000,9500,29000,35000,28000, 18000,13000, 7400,5100,3100,2100,3600,6400,19000,25000,20000,14000,9500,5400,3600,2100,1400,2400,3000,9900,11000,7600,4700,3400,2000,1400,1000,1000,1200
117,Liberia,66000,44000,21000,5900,14000,14000,13000, 7200,4900, 2800,2000,1200,1000,2100,3400,8500,9100,8600,5300,3700,2200,1600,1000,1000,1400,2500,5600,5300,4000,1900,1100,1000,1000,1000,1000,1000
118,Lesotho,40000,19000,21000,6300,9700,6800,9300, 2700,1900, 1000,1000,1000,1000,3700,2600,4400,3100,4200,1300,1000,1000,1000,1000,1000,1700,3700,5400,3600,5100,1300,1000,1000,1000,1000,1000,2000
119,Lithuania,35000,20000,15000,1500,5200,5400,5000, 3900,3000, 2300,2000,1800,1500,2400,1000,3100,3400,3200,2400,1800,1300,1100,1000,1000,1100,1000,2100,2000,1800,1500,1200,1000,1000,1000,1000,1300
120,Luxembourg,120000,60000,57000,2200,11000,15000,17000, 16000,15000, 13000,11000,7300,4100,5200,1100,5800,8000,8800,7700,7500,6600,5500,3800,2000,2600,1100,5200,7300,8300,8000,7700,6300,5100,3500,2000,2500
121,Latvia,26000,14000,13000,1000,3000,3700,3700, 3000,2500, 2000,2000,1800,1600,2400,1000,1800,2200,2000,1600,1400,1000,1000,1000,1000,1000,1000,1200,1500,1600,1400,1100,1000,1100,1100,1000,1500
122,Libya,760000,570000,170000,55000,160000,200000,160000, 67000,47000, 25000,18000,9300,5900,24000,36000,120000,160000,120000,55000,37000,20000,14000,7100,4300,15000,19000,39000,43000,34000,13000,9900,5700,4200,2200,1600,9300
123,Morocco,1100000,710000,340000,140000,280000,260000,220000, 80000,57000, 31000,22000,12000,8500,31000,80000,170000,180000,150000,56000,40000,22000,16000,8400,5800,20000,58000,99000,85000,67000,24000,17000,9000,6300,3400,2700,10000
124,Monaco,3200,1400,1800,1000,1000,1000,1000, 1000,1000, 1000,1000,1000,1000,1000,1000,1000,1000,1000,1000,1000,1000,1000,1000,1000,1000,1000,1000,1000,1000,1000,1000,1000,1000,1000,1000,1000
125,Moldova,56000,27000,29000,4200,7700,8900,7800, 6000,4900, 3700,3200,2800,2500,3200,1600,3900,4600,4000,3100,2400,1700,1400,1000,1000,1300,2600,3900,4300,3900,3000,2400,2000,1800,1900,1600,1900
126,Montenegro,50000,26000,24000,1100,4600,7700,8000, 6900,6200, 4700,3700,2900,2100,3100,1000,2700,4500,4300,3600,3200,2400,2000,1400,1000,1500,1000,1900,3200,3600,3300,3000,2300,1700,1400,1100,1500
127,Saint Martin,6900,3100,3700,1000,1000,1000,1000, 1000,1000, 1000,1000,1000,1000,1000,1000,1000,1000,1000,1000,1000,1000,1000,1000,1000,1000,1000,1000,1000,1000,1000,1000,1000,1000,1000,1000,1000
128,Madagascar,62000,36000,26000,12000,19000,11000,10000, 3800,2900, 1900,1400,1000,1000,3500,6500,10000,6300,5800,2200,1800,1200,1000,1000,1000,2300,4900,8000,4900,4400,1500,1100,1000,1000,1000,1000,1200
129,Marshall Islands,2700,1800,1000,1000,1000,1000,1000, 1000,1000, 1000,1000,1000,1000,1000,1000,1000,1000,1000,1000,1000,1000,1000,1000,1000,1000,1000,1000,1000,1000,1000,1000,1000,1000,1000,1000,1000
130,Macedonia,69000,43000,26000,2500,9900,14000,11000, 7900,6900, 5100,4000,2900,2000,3000,1600,6100,8700,7200,5100,4300,3100,2400,1700,1200,1800,1000,3700,5200,3900,2800,2600,2000,1600,1200,1000,1200
131,Mali,230000,160000,67000,19000,59000,57000,52000, 20000,12000,6100,4300,2300,1700,8000,12000,42000,41000,36000,14000,9500,5000,3500,1800,1300,4700,6800,17000,16000,15000,5200,2700,1100,1000,1000,1000,3300
132,Myanmar,840000,530000,310000,120000,200000,320000,110000, 42000,26000,13000,10000,5800,4100,14000,70000,130000,200000,76000,28000,18000,9100,6800,3800,2600,8900,46000,76000,120000,37000,14000,8400,4300,3400,2100,1500,5300
133,Mongolia,65000,32000,34000,8500,18000,14000,11000, 5600,3800,2600,2100,1500,1000,1600,4000,8300,7000,5500,2800,1900,1300,1000,1000,1000,1000,4400,9800,6900,5300,2800,1900,1300,1100,1000,1000,1000
134,Macau,120000,49000,69000,1800,11000,21000,25000, 19000,15000,10000,7200,3900,2500,3700,1000,4200,8900,11000,8300,6000,3600,2300,1400,1100,1800,1100,6400,12000,14000,10000,8800,6800,4800,2500,1300,1900
135,Northern Mariana Islands,15000,8300,7300,1000,1200,1700,1600, 1500,1700,1900,2100,1600,1100,1000,1000,1000,1000,1000,1000,1000,1000,1100,1000,1000,1000,1000,1000,1000,1000,1000,1000,1000,1000,1000,1000,1000
136,Martinique,28000,13000,15000,1000,2400,3800,3800, 3400,3100,2700,2500,2000,1500,2400,1000,1200,2000,1700,1500,1400,1300,1200,1000,1000,1200,1000,1200,1800,2000,1900,1700,1400,1400,1000,1000,1300
137,Mauritania,110000,81000,32000,12000,29000,26000,25000, 9400,6200,3200,2200,1200,1000,3500,7600,21000,19000,18000,7000,4800,2500,1800,1000,1000,2200,4900,8900,7300,6800,2300,1400,1000,1000,1000,1000,1400
138,Montserrat,1200,1000,1000,1000,1000,1000,1000, 1000,1000,1000,1000,1000,1000,1000,1000,1000,1000,1000,1000,1000,1000,1000,1000,1000,1000,1000,1000,1000,1000,1000,1000,1000,1000,1000,1000,1000
139,Malta,64000,39000,24000,1000,6500,14000,14000, 9300,6500,4300,3000,2000,1300,2600,1000,4400,8900,8900,5800,3700,2400,1600,1000,1000,1400,1000,2100,4600,5000,3500,2800,1900,1400,1000,1000,1200
140,Mauritius,92000,62000,29000,3400,16000,25000,18000, 10000,7200,4200,3100,2200,1600,3100,2000,11000,18000,13000,7000,4700,2700,1900,1300,1000,1800,1400,5100,7000,5100,3200,2400,1500,1200,1000,1000,1300
141,Maldives,110000,88000,19000,3900,24000,34000,23000, 11000,6300,3200,1700,1000,1000,1200,2600,20000,28000,19000,8900,5200,2600,1400,1000,1000,1000,1300,4200,5500,4100,2000,1000,1000,1000,1000,1000,1000
142,Malawi,40000,28000,12000,4300,9300,8300,6400, 3700,2600,1500,1000,1000,1000,3500,2800,6400,5800,4500,2600,1900,1100,1000,1000,1000,2200,1400,2900,2400,2000,1100,1000,1000,1000,1000,1000,1300
143,Mexico,3400000,1800000,1500000,310000,850000,780000,530000, 300000,240000,160000,120000,73000,50000,120000,150000,440000,450000,310000,180000,140000,91000,65000,38000,25000,65000,160000,400000,340000,220000,130000,100000,70000,51000,34000,24000,49000
144,Malaysia,1700000,1100000,580000,72000,390000,460000,330000, 170000,110000,55000,33000,17000,11000,26000,38000,260000,320000,220000,110000,63000,31000,19000,10000,6600,17000,34000,140000,140000,110000,64000,44000,24000,14000,7200,4200,8300
145,Mozambique,160000,110000,53000,41000,44000,31000,26000, 14000,10000,5700,3700,2300,1500,7600,27000,28000,20000,18000,10000,7300,4200,2700,1700,1000,5000,14000,15000,11000,8700,4100,2600,1400,1000,1000,1000,2600
146,Namibia,47000,25000,22000,2400,7400,8500,7700, 5200,4100,2900,2300,1700,1400,4400,1200,3900,4600,4400,3000,2400,1600,1200,1000,1000,2200,1200,3600,3800,3400,2200,1700,1200,1100,1000,1000,2200
147,New Caledonia,36000,17000,18000,1000,3100,4700,5200, 4800,4100,3400,3200,2400,1600,2800,1000,1700,2400,2500,2300,2000,1700,1500,1200,1000,1400,1000,1500,2300,2700,2500,2100,1700,1600,1200,1000,1400
148,Niger,82000,63000,19000,7000,21000,21000,17000, 6900,4400,2200,1500,1000,1000,3000,4900,16000,16000,13000,5700,3700,1900,1300,1000,1000,1900,2100,5200,4600,3700,1300,1000,1000,1000,1000,1000,1100
149,Nigeria,1600000,1000000,540000,230000,430000,330000,260000, 120000,82000,48000,41000,29000,25000,87000,140000,280000,200000,170000,86000,62000,38000,33000,23000,18000,55000,86000,150000,120000,95000,37000,20000,10000,8000,5700,6300,32000
150,Nicaragua,140000,75000,64000,22000,34000,28000,23000,12000,8700,5500,4200,2800,2100,6100,11000,18000,15000,13000,6400,4900,3000,2200,1500,1100,3400,10000,16000,13000,11000,5200,3800,2500,1900,1200,1000,2700
151,Netherlands,910000,470000,430000,11000,81000,130000,140000, 120000,100000,89000,77000,57000,39000,59000,5900,43000,69000,73000,62000,54000,45000,40000,29000,19000,30000,5500,39000,62000,67000,57000,50000,44000,36000,28000,20000,29000
152,Norway,370000,190000,180000,7000,29000,47000,63000, 61000,51000,37000,29000,19000,12000,18000,3800,16000,24000,31000,31000,26000,19000,15000,10000,6300,9000,3100,13000,23000,31000,29000,24000,17000,13000,9000,6000,8800
153,Nepal,560000,390000,180000,60000,130000,130000,130000, 39000,25000,15000,10000,6300,4400,21000,38000,90000,93000,89000,29000,18000,10000,6900,4300,3100,13000,21000,41000,40000,42000,11000,7400,4400,3300,2000,1400,8200
154,Nauru,5500,2700,2800,1000,1000,1100,1000, 1000,1000,1000,1000,1000,1000,1000,1000,1000,1000,1000,1000,1000,1000,1000,1000,1000,1000,1000,1000,1000,1000,1000,1000,1000,1000,1000,1000,1000
155,New Zealand,680000,340000,330000,14000,63000,110000,110000, 90000,68000,52000,45000,36000,27000,50000,7300,33000,58000,57000,46000,35000,25000,21000,16000,12000,23000,6700,29000,51000,56000,44000,32000,26000,23000,19000,14000,27000
156,Oman,1200000,900000,280000,30000,180000,350000,270000, 150000,98000,53000,31000,15000,7500,14000,19000,140000,270000,210000,120000,74000,42000,25000,12000,5800,8300,12000,46000,78000,60000,35000,24000,12000,6200,3000,1700,5500
157,Panama,290000,140000,140000,17000,40000,57000,50000, 38000,29000,21000,16000,11000,7100,11000,9100,21000,29000,26000,19000,14000,10000,7400,5100,3100,5100,7800,19000,27000,24000,19000,15000,11000,8300,5900,3900,5800
158,Peru,1200000,710000,530000,140000,310000,290000,210000, 120000,89000,57000,40000,23000,15000,31000,69000,160000,170000,120000,72000,52000,32000,22000,13000,7700,17000,69000,140000,120000,86000,49000,36000,24000,17000,11000,7000,14000
159,French Polynesia,22000,11000,11000,1000,2200,2800,3100, 2600,2400,2200,1900,1400,1000,1700,1000,1100,1300,1500,1200,1100,1100,1000,1000,1000,1000,1000,1100,1500,1600,1400,1200,1000,1000,1000,1000,1000
160,Papua New Guinea,42000,29000,13000,3900,7700,7000,7400, 4400,4000,2900,2100,1300,1000,1700,1900,4400,4600,5100,3200,2900,2200,1700,1000,1000,1100,2000,3300,2400,2400,1200,1000,1000,1000,1000,1000,1000
161,Philippines,2800000,1200000,1600000,820000,990000,520000,370000, 150000,110000,65000,46000,28000,20000,84000,320000,400000,240000,170000,76000,55000,32000,23000,15000,11000,42000,520000,610000,280000,200000,77000,56000,32000,22000,13000,9400,42000
162,Pakistan,1500000,1200000,340000,170000,450000,440000,270000, 110000,65000,32000,21000,12000,8300,23000,130000,340000,340000,220000,91000,55000,27000,17000,9800,6600,16000,42000,110000,100000,50000,17000,10000,5200,3800,2500,1700,6900
163,Poland,410000,240000,180000,16000,69000,85000,69000, 55000,42000,30000,19000,11000,7300,15000,8800,38000,50000,43000,32000,24000,16000,10000,5500,3300,8200,7400,31000,34000,27000,22000,19000,14000,9000,5700,4000,6300
164,Puerto Rico,160000,71000,85000,2800,11000,18000,17000, 14000,15000,15000,15000,14000,12000,22000,1300,5400,8600,7900,6500,7000,6500,6600,5700,4800,9100,1300,5700,9000,8500,7300,7900,7800,8100,7600,6800,12000
165,Palestine,420000,230000,190000,61000,110000,100000,64000, 34000,26000,17000,13000,8800,5500,8100,32000,55000,55000,35000,19000,15000,9900,7400,5000,3100,4800,28000,50000,46000,28000,15000,11000,7200,5300,3700,2400,3300
166,Portugal,590000,290000,290000,8300,62000,85000,79000, 70000,68000,67000,48000,36000,27000,44000,4300,34000,48000,43000,34000,32000,31000,22000,16000,12000,22000,3900,28000,37000,36000,35000,36000,35000,26000,20000,15000,22000
167,Palau,7200,4200,3000,1000,1000,1200,1100, 1000,1000,1000,1000,1000,1000,1000,1000,1000,1000,1000,1000,1000,1000,1000,1000,1000,1000,1000,1000,1000,1000,1000,1000,1000,1000,1000,1000,1000
168,Paraguay,200000,110000,92000,22000,39000,39000,30000, 20000,17000,13000,10000,7700,5400,7800,11000,20000,21000,17000,11000,8800,6800,5400,4100,2700,4000,11000,19000,17000,13000,9300,8000,6100,4800,3600,2600,3700
169,Qatar,1900000,1500000,480000,36000,270000,510000,460000, 280000,190000,100000,59000,28000,14000,27000,22000,210000,390000,340000,210000,140000,77000,46000,22000,11000,18000,14000,60000,120000,120000,75000,49000,23000,12000,6100,3600,8900
170,Réunion,81000,40000,39000,2600,9000,12000,12000, 10000,9200,7300,6000,4400,3100,5100,1400,4600,5700,5700,4900,4600,3700,3100,2300,1600,2700,1200,4400,5800,6100,5500,4500,3500,2800,2100,1500,2400
171,Romania,200000,120000,81000,7000,32000,33000,31000, 22000,20000,14000,12000,6600,5200,7900,3800,19000,20000,19000,13000,12000,8500,6900,3700,2700,4700,3000,13000,13000,12000,8700,7600,5700,4900,2900,2400,3200
172,Serbia,380000,200000,180000,8400,39000,52000,49000, 45000,44000,39000,31000,26000,20000,28000,4700,22000,30000,27000,23000,23000,20000,16000,12000,9200,14000,3700,17000,22000,22000,21000,21000,19000,15000,13000,11000,13000
173,Russia,3000000,1700000,1300000,150000,470000,570000,460000, 370000,290000,210000,170000,130000,85000,95000,71000,290000,360000,260000,210000,160000,110000,85000,60000,37000,41000,73000,190000,210000,190000,160000,130000,100000,83000,70000,49000,54000
174,Rwanda,78000,54000,24000,12000,23000,17000,12000, 6000,3800,2000,1400,1000,1000,5500,7500,15000,12000,8800,4400,2700,1500,1000,1000,1000,3400,4200,7400,4800,3400,1600,1100,1000,1000,1000,1000,2000
175,Saudi Arabia,3600000,2700000,880000,75000,490000,920000,890000, 530000,340000,170000,110000,51000,26000,36000,44000,370000,690000,670000,390000,250000,130000,82000,41000,20000,23000,31000,120000,230000,210000,130000,83000,43000,22000,10000,5900,13000
176,Solomon Islands,8200,5700,2500,1000,1500,1400,1500, 1000,1000,1000,1000,1000,1000,1000,1000,1000,1000,1100,1000,1000,1000,1000,1000,1000,1000,1000,1000,1000,1000,1000,1000,1000,1000,1000,1000,1000
177,Seychelles,20000,14000,5700,1000,2000,4200,4400, 3100,2300,1400,1000,1000,1000,1000,1000,1400,3200,3300,2300,1700,1000,1000,1000,1000,1000,1000,1000,1000,1200,1000,1000,1000,1000,1000,1000,1000
178,Sweden,780000,410000,360000,15000,84000,110000,120000, 110000,91000,71000,59000,45000,34000,56000,8500,49000,58000,64000,57000,48000,37000,30000,23000,16000,27000,6800,34000,49000,55000,50000,42000,34000,28000,22000,17000,28000
179,Singapore,1600000,850000,720000,21000,150000,320000,330000, 260000,190000,120000,78000,48000,32000,51000,9600,80000,180000,170000,130000,95000,64000,42000,27000,18000,27000,12000,65000,140000,150000,120000,92000,56000,36000,21000,14000,23000
180,Slovenia,100000,61000,40000,2200,13000,15000,14000, 13000,12000,8800,7400,6800,4800,5000,1200,8200,9300,8700,8100,7200,5400,4400,3900,2700,2900,1000,5000,5500,5400,5200,4400,3300,3000,2900,2100,2100
181,Slovakia,93000,52000,40000,2300,14000,17000,14000, 11000,9900,7500,5600,4100,2900,5400,1200,7700,10000,8600,6500,5700,4100,3000,2000,1300,2800,1100,6100,6500,5600,4700,4200,3400,2600,2100,1600,2600
182,Sierra Leone,58000,38000,20000,6100,14000,12000,11000, 5100,3500,2200,1800,1300,1000,2700,3700,8400,7700,7000,3700,2600,1700,1400,1000,1000,1700,2400,5400,4700,4100,1500,1000,1000,1000,1000,1000,1000
183,San Marino,7700,3700,4000,1000,1000,1000,1000, 1000,1000,1000,1000,1000,1000,1000,1000,1000,1000,1000,1000,1000,1000,1000,1000,1000,1000,1000,1000,1000,1000,1000,1000,1000,1000,1000,1000,1000
184,Senegal,320000,210000,110000,26000,81000,76000,68000, 26000,17000,8800,6000,3400,2800,12000,16000,51000,50000,44000,18000,12000,6300,4200,2500,1900,7100,10000,29000,27000,23000,7800,4800,2500,1800,1000,1000,4800
185,Somalia,240000,160000,76000,32000,66000,67000,46000, 14000,9300,4300,3600,1900,1900,10000,20000,43000,45000,33000,11000,7600,3600,2900,1500,1200,5700,12000,23000,23000,14000,2600,1700,1000,1000,1000,1000,4300
186,Suriname,43000,25000,18000,2400,6700,8100,7300, 5400,4400,3300,2500,1800,1000,1400,1300,3900,4700,4300,3200,2500,1900,1500,1000,1000,1000,1000,2800,3400,3000,2200,1800,1400,1000,1000,1000,1000
187,South Sudan,97000,74000,23000,6200,20000,23000,22000, 12000,7500,3600,2100,1100,1000,2400,4200,14000,16000,17000,9900,6300,3100,1800,1000,1000,1600,2000,5900,6100,5000,2000,1200,1000,1000,1000,1000,1000
188,Sao Tome and Principe,5400,3500,1900,1400,1600,1000,1000, 1000,1000,1000,1000,1000,1000,1000,1000,1100,1000,1000,1000,1000,1000,1000,1000,1000,1000,1000,1000,1000,1000,1000,1000,1000,1000,1000,1000,1000
189,El Salvador,240000,130000,110000,29000,63000,57000,39000, 19000,17000,11000,7800,4900,3200,8700,15000,35000,33000,22000,11000,9200,5800,4400,2700,1700,4900,14000,29000,24000,17000,8600,7400,4600,3400,2200,1500,3700
190,Sint Maarten,25000,12000,13000,1000,1900,3200,3100, 3000,2900,2600,2500,2000,1500,1800,1000,1000,1600,1500,1500,1400,1300,1200,1000,1000,1000,1000,1000,1600,1600,1500,1400,1300,1300,1000,1000,1000
191,Swaziland,37000,19000,17000,4100,8000,7800,6800, 3400,2400,1300,1000,1000,1000,2800,2400,4200,3900,3400,1900,1400,1000,1000,1000,1000,1300,1700,3800,3900,3400,1600,1000,1000,1000,1000,1000,1400
192,Turks and Caicos Islands,18000,10000,7500,1000,1400,3000,3000, 2800,2500,1700,1200,1000,1000,1000,1000,1000,1600,1700,1600,1500,1100,1000,1000,1000,1000,1000,1000,1300,1300,1200,1000,1000,1000,1000,1000,1000
193,Chad,47000,36000,10000,5000,13000,10000,9500, 4000,2500,1300,1000,1000,1000,1400,3600,9700,7900,7500,3300,2100,1200,1000,1000,1000,1000,1300,2900,2300,2000,1000,1000,1000,1000,1000,1000,1000
194,Togo,120000,85000,32000,13000,30000,26000,22000, 11000,7900,4400,2900,1800,1200,4100,9400,22000,19000,16000,8500,6100,3500,2300,1400,1000,2800,3900,8300,7200,6400,2900,1800,1000,1000,1000,1000,1300
195,Thailand,2900000,1600000,1200000,200000,660000,1000000,460000, 210000,130000,68000,47000,28000,21000,66000,110000,380000,600000,260000,120000,75000,39000,28000,18000,14000,42000,98000,290000,450000,190000,89000,53000,27000,18000,10000,7600,24000
196,Tajikistan,47000,39000,8800,6300,11000,12000,8300, 4600,3100,1800,1100,1000,1000,1000,5100,9000,10000,6900,3800,2500,1400,1000,1000,1000,1000,1000,2100,2000,1400,1000,1000,1000,1000,1000,1000,1000
197,Timor-Leste,99000,59000,40000,21000,28000,20000,21000, 8000,4400,2900,1600,1000,1000,3100,10000,16000,12000,13000,5000,3000,2000,1200,1000,1000,1800,9900,12000,8100,7600,3000,1500,1000,1000,1000,1000,1300
198,Turkmenistan,4800,2600,2200,1000,1000,1000,1000, 1000,1000,1000,1000,1000,1000,1000,1000,1000,1000,1000,1000,1000,1000,1000,1000,1000,1000,1000,1000,1000,1000,1000,1000,1000,1000,1000,1000,1000
199,Tunisia,420000,260000,150000,36000,84000,100000,90000, 41000,30000,16000,12000,7500,5600,16000,20000,51000,64000,59000,27000,19000,10000,8000,5000,3600,11000,16000,33000,35000,30000,13000,10000,5400,4100,2500,2000,5400
200,Tonga,6900,3200,3600,1000,1100,1100,1200, 1000,1000,1000,1000,1000,1000,1000,1000,1000,1000,1000,1000,1000,1000,1000,1000,1000,1000,1000,1000,1000,1000,1000,1000,1000,1000,1000,1000,1000
201,Turkey,3000000,2100000,920000,230000,690000,770000,480000, 300000,220000,150000,110000,77000,53000,74000,160000,500000,560000,330000,200000,150000,91000,69000,45000,30000,48000,71000,190000,210000,140000,94000,76000,54000,41000,31000,22000,26000
202,Trinidad and Tobago,88000,47000,41000,4100,12000,17000,16000, 12000,9100,6100,4500,3300,2500,4000,2100,6400,9400,8600,6400,5100,3300,2400,1600,1100,2000,1900,5900,7800,6900,5000,3900,2700,2100,1600,1300,2000
203,Tuvalu,1100,1000,1000,1000,1000,1000,1000, 1000,1000,1000,1000,1000,1000,1000,1000,1000,1000,1000,1000,1000,1000,1000,1000,1000,1000,1000,1000,1000,1000,1000,1000,1000,1000,1000,1000,1000
204,Taiwan,1200000,530000,700000,21000,170000,280000,260000, 200000,130000,67000,40000,23000,15000,31000,9400,75000,130000,120000,76000,47000,25000,18000,12000,7900,16000,12000,88000,150000,140000,120000,84000,41000,21000,11000,7200,15000
205,Tanzania,200000,140000,62000,13000,56000,50000,35000, 16000,12000,6700,4800,3100,2000,9200,8500,38000,34000,24000,11000,8200,4900,3500,2200,1400,6000,4400,17000,16000,11000,4800,3200,1800,1300,1000,1000,3200
206,Ukraine,590000,280000,300000,27000,81000,86000,75000, 62000,55000,48000,43000,38000,32000,42000,12000,42000,46000,40000,32000,28000,23000,20000,15000,10000,15000,14000,39000,40000,35000,30000,27000,26000,24000,24000,21000,26000
207,Uganda,260000,170000,100000,27000,82000,62000,44000, 19000,13000,6900,4500,2800,1900,11000,15000,50000,38000,28000,13000,8600,5000,3200,1900,1200,6100,11000,31000,23000,17000,6500,3900,1900,1300,1000,1000,5100
208,United States,26000000,13000000,12000000,440000,2100000,3400000,3500000, 3300000,3000000,2500000,2200000,1700000,1300000,2200000,250000,1200000,1800000,1900000,1700000,1500000,1200000,1100000,790000,600000,1000000,190000,930000,1600000,1700000,1600000,1500000,1300000,1100000,890000,720000,1200000
209,Uruguay,140000,73000,63000,5700,20000,25000,22000, 16000,14000,10000,7700,5900,4600,9500,2900,11000,14000,12000,8900,7200,5300,3700,2700,2100,4200,2700,8900,11000,9700,7100,6400,4900,3800,3200,2500,5100
210,Uzbekistan,110000,79000,33000,10000,20000,27000,19000,14000,9500,5900,3900,2600,1700,2400,7400,15000,21000,14000,9500,6400,3700,2300,1300,1000,1200,2700,5100,6600,5200,4300,3200,2200,1500,1300,1000,1200
211,Saint Vincent and the Grenadines,7300,3700,3600,1000,1200,1400,1000,1000,1000,1000,1000,1000,1000,1000,1000,1000,1000,1000,1000,1000,1000,1000,1000,1000,1000,1000,1000,1000,1000,1000,1000,1000,1000,1000,1000,1000
212,Venezuela,500000,230000,260000,50000,97000,87000,68000,46000,38000,31000,28000,22000,18000,34000,23000,45000,41000,34000,22000,19000,15000,13000,10000,8200,16000,26000,52000,44000,34000,23000,20000,16000,15000,12000,9500,17000
213,British Virgin Islands,13000,6800,6000,1000,1000,1700,1900,1900,1900,1600,1200,1000,1000,1000,1000,1000,1000,1000,1000,1000,1000,1000,1000,1000,1000,1000,1000,1000,1000,1000,1000,1000,1000,1000,1000,1000
214,US Virgin Islands,10000,4300,6000,1000,1000,1100,1200,1100,1100,1000,1000,1000,1000,1300,1000,1000,1000,1000,1000,1000,1000,1000,1000,1000,1000,1000,1000,1000,1000,1000,1000,1000,1000,1000,1000,1000
215,Vietnam,700000,380000,310000,100000,190000,160000,110000,63000,42000,27000,19000,12000,8400,13000,46000,91000,88000,67000,39000,26000,17000,12000,8000,5300,8500,57000,100000,73000,44000,25000,16000,9700,6800,4500,3100,4200
216,Vanuatu,6300,3600,2700,1000,1100,1100,1100,1000,1000,1000,1000,1000,1000,1000,1000,1000,1000,1000,1000,1000,1000,1000,1000,1000,1000,1000,1000,1000,1000,1000,1000,1000,1000,1000,1000,1000
217,Wallis and Futuna,1400,1000,1000,1000,1000,1000,1000,1000,1000,1000,1000,1000,1000,1000,1000,1000,1000,1000,1000,1000,1000,1000,1000,1000,1000,1000,1000,1000,1000,1000,1000,1000,1000,1000,1000,1000
218,Samoa,12000,5800,6100,1600,2300,2100,2000,1100,1000,1000,1000,1000,1000,1000,1000,1100,1100,1000,1000,1000,1000,1000,1000,1000,1000,1000,1100,1000,1000,1000,1000,1000,1000,1000,1000,1000
219,Kosovo,62000,41000,21000,2400,12000,14000,11000,7000,5100,3600,2600,1800,1200,1600,1400,7500,8900,7000,4800,3600,2500,1900,1200,1000,1100,1000,4300,5100,3600,2100,1500,1100,1000,1000,1000,1000
220,Yemen,220000,170000,51000,21000,54000,62000,49000,16000,10000,4700,3100,1600,1000,6000,15000,39000,47000,39000,14000,8600,3900,2500,1300,1000,3900,6400,15000,15000,10000,2700,1700,1000,1000,1000,1000,2000
221,Mayotte,13000,7200,6300,1000,2200,2800,2500,1600,1200,1000,1000,1000,1000,1000,1000,1100,1300,1300,1000,1000,1000,1000,1000,1000,1000,1000,1100,1400,1200,1000,1000,1000,1000,1000,1000,1000
222,South Africa,2100000,1300000,780000,120000,350000,450000,440000,260000,160000,81000,47000,27000,22000,160000,67000,210000,270000,280000,160000,110000,54000,30000,15000,11000,86000,57000,140000,170000,160000,92000,53000,27000,18000,12000,11000,71000
223,Zambia,130000,90000,44000,17000,36000,29000,21000,11000,7700,4700,3100,2200,1400,9900,9500,24000,20000,14000,7400,5500,3300,2200,1400,1000,5900,7200,12000,9100,6400,3100,2200,1300,1000,1000,1000,4000
224,Zimbabwe,54000,33000,2000,6300,12000,11000,8100,4900,3300,2000,1300,1000,1000,5200,3600,7300,7100,5300,3200,2300,1400,1000,1000,1000,3100,2500,4800,4100,2800,1600,1100,1000,1000,1000,1000,2100